,Unnamed: 0.5,Unnamed: 0.4,Unnamed: 0.3,Unnamed: 0.2,Unnamed: 0.1,Unnamed: 0,EXT_SOURCE_3,EXT_SOURCE_2,DAYS_ID_PUBLISH,DAYS_REGISTRATION,DAYS_LAST_PHONE_CHANGE,REGION_POPULATION_RELATIVE,AMT_INCOME_TOTAL,HOUR_APPR_PROCESS_START,AMT_REQ_CREDIT_BUREAU_YEAR,CODE_GENDER,PREDICTED_0,PREDICTED_1
0,0.0,0.0,0.0,0.0,0.0,0.0,0.6092756673894402,0.5889272501252611,-1247.0,-13169.0,-1626.0,0.00702,157500.0,10.0,2.0,0.0,0.698,0.302
1,1.0,1.0,1.0,1.0,0.0,,0.6092756673894402,0.5889272501252611,-1247.0,-13169.0,-1626.0,0.00702,157500.0,10.0,2.0,0.0,0.698,0.302
2,2.0,2.0,2.0,0.0,,,0.9,0.5889272501252611,-1247.0,-13169.0,-1626.0,0.00702,157500.0,10.0,2.0,0.0,0.853,0.147
3,3.0,3.0,0.0,,,,0.6092756673894402,0.5889272501252611,-1247.0,-13169.0,-1626.0,0.00702,157500.0,10.0,2.0,0.0,0.698,0.302
4,4.0,0.0,,,,,0.0,0.5889272501252611,-1247.0,-13169.0,-1626.0,0.00702,157500.0,10.0,2.0,0.0,0.25,0.75
5,0.0,,,,,,4.0,0.5889272501252611,-1247.0,-13169.0,-1626.0,0.00702,157500.0,10.0,2.0,0.0,1.0,0.0
0,,,,,,,-0.5,0.5889272501252611,-1247.0,-13169.0,-1626.0,0.00702,157500.0,10.0,2.0,0.0,0.064,0.936
